courseName,courseCode,credits,level,department,division,ownedBy
C-1,1001,7.5,Second Cycle,D6,D6-5,P-52
C-2,1002,7.5,Second Cycle,D2,D2-2,P-12
C-3,1003,7.5,First Cycle,D1,D1-4,P-02
C-4,1004,7.5,Second Cycle,D5,D5-1,P-43
C-5,1005,7.5,Second Cycle,D6,D6-2,P-52
C-6,1006,7.5,Second Cycle,D8,D8-3,P-73
C-7,1007,7.5,First Cycle,D1,D1-0,P-03
C-8,1008,7.5,Second Cycle,D3,D3-2,P-21
C-9,1009,7.5,Second Cycle,D4,D4-0,P-31
C-10,1010,7.5,First Cycle,D2,D2-1,P-11
C-11,1011,7.5,Second Cycle,D8,D8-2,P-73
C-12,1012,7.5,First Cycle,D1,D1-1,P-02
C-13,1013,7.5,Second Cycle,D3,D3-3,P-21
C-14,1014,7.5,First Cycle,D6,D6-1,P-51
C-15,1015,7.5,First Cycle,D4,D4-3,P-33
C-16,1016,7.5,First Cycle,D2,D2-1,P-12
C-17,1017,7.5,Second Cycle,D6,D6-1,P-52
C-18,1018,7.5,Second Cycle,D7,D7-2,P-63
C-19,1019,7.5,First Cycle,D7,D7-0,P-61
C-20,1020,7.5,Second Cycle,D2,D2-5,P-11
C-21,1021,7.5,First Cycle,D2,D2-0,P-12
C-22,1022,7.5,First Cycle,D2,D2-0,P-11
C-23,1023,7.5,Second Cycle,D4,D4-0,P-31
C-24,1024,7.5,Second Cycle,D3,D3-3,P-21
C-25,1025,7.5,Second Cycle,D8,D8-5,P-71
C-26,1026,7.5,First Cycle,D7,D7-4,P-62
C-27,1027,7.5,Second Cycle,D1,D1-2,P-01
C-28,1028,7.5,Second Cycle,D8,D8-3,P-73
C-29,1029,7.5,First Cycle,D4,D4-0,P-32
C-30,1030,7.5,First Cycle,D4,D4-0,P-33
C-31,1031,7.5,First Cycle,D5,D5-2,P-43
C-32,1032,7.5,Second Cycle,D6,D6-2,P-51
C-33,1033,7.5,Second Cycle,D4,D4-4,P-31
C-34,1034,7.5,First Cycle,D7,D7-0,P-61
C-35,1035,7.5,Second Cycle,D2,D2-4,P-12
C-36,1036,7.5,Second Cycle,D8,D8-1,P-74
C-37,1037,7.5,First Cycle,D6,D6-4,P-52
C-38,1038,7.5,First Cycle,D1,D1-4,P-01
C-39,1039,7.5,Second Cycle,D4,D4-3,P-33
C-40,1040,7.5,First Cycle,D3,D3-5,P-22
C-41,1041,7.5,First Cycle,D8,D8-2,P-72
C-42,1042,7.5,First Cycle,D8,D8-0,P-72
C-43,1043,7.5,First Cycle,D2,D2-5,P-12
C-44,1044,7.5,Second Cycle,D5,D5-1,P-42
C-45,1045,7.5,First Cycle,D1,D1-4,P-02
C-46,1046,7.5,First Cycle,D4,D4-4,P-32
C-47,1047,7.5,Second Cycle,D1,D1-0,P-01
C-48,1048,7.5,First Cycle,D5,D5-1,P-42
C-49,1049,7.5,Second Cycle,D1,D1-1,P-02
C-50,1050,7.5,Second Cycle,D1,D1-2,P-02
C-51,1051,7.5,Second Cycle,D5,D5-3,P-41
C-52,1052,7.5,Second Cycle,D7,D7-4,P-62
C-53,1053,7.5,Second Cycle,D5,D5-0,P-42
C-54,1054,7.5,First Cycle,D2,D2-0,P-11
C-55,1055,7.5,First Cycle,D6,D6-0,P-51
C-56,1056,7.5,Second Cycle,D5,D5-0,P-43
C-57,1057,7.5,First Cycle,D6,D6-5,P-52
C-58,1058,7.5,Second Cycle,D6,D6-4,P-51
C-59,1059,7.5,Second Cycle,D6,D6-3,P-52
C-60,1060,7.5,Second Cycle,D2,D2-4,P-11
C-61,1061,7.5,First Cycle,D1,D1-1,P-02
C-62,1062,7.5,First Cycle,D2,D2-2,P-12
C-63,1063,7.5,First Cycle,D7,D7-0,P-63
C-64,1064,7.5,First Cycle,D3,D3-0,P-21
C-65,1065,7.5,First Cycle,D6,D6-2,P-51
C-66,1066,7.5,Second Cycle,D7,D7-5,P-64
C-67,1067,7.5,First Cycle,D7,D7-0,P-63
C-68,1068,7.5,Second Cycle,D3,D3-2,P-21
C-69,1069,7.5,First Cycle,D6,D6-1,P-51
C-70,1070,7.5,First Cycle,D3,D3-1,P-21
C-71,1071,7.5,Second Cycle,D5,D5-3,P-41
C-72,1072,7.5,First Cycle,D2,D2-1,P-11
C-73,1073,7.5,First Cycle,D5,D5-4,P-43
C-74,1074,7.5,First Cycle,D4,D4-1,P-32
C-75,1075,7.5,First Cycle,D7,D7-0,P-63
C-76,1076,7.5,Second Cycle,D8,D8-4,P-74
C-77,1077,7.5,First Cycle,D1,D1-2,P-02
C-78,1078,7.5,Second Cycle,D5,D5-5,P-43
C-79,1079,7.5,Second Cycle,D3,D3-1,P-21
C-80,1080,7.5,Second Cycle,D8,D8-0,P-74
C-81,1081,7.5,First Cycle,D5,D5-2,P-43
C-82,1082,7.5,Second Cycle,D6,D6-2,P-52
C-83,1083,7.5,First Cycle,D2,D2-5,P-12
C-84,1084,7.5,Second Cycle,D4,D4-4,P-32
C-85,1085,7.5,First Cycle,D7,D7-2,P-63
C-86,1086,7.5,First Cycle,D5,D5-5,P-43
C-87,1087,7.5,First Cycle,D7,D7-2,P-62
C-88,1088,7.5,First Cycle,D4,D4-5,P-31
C-89,1089,7.5,First Cycle,D5,D5-2,P-41
C-90,1090,7.5,Second Cycle,D1,D1-5,P-03
C-91,1091,7.5,Second Cycle,D5,D5-0,P-41
C-92,1092,7.5,First Cycle,D3,D3-2,P-22
C-93,1093,7.5,Second Cycle,D3,D3-4,P-22
C-94,1094,7.5,Second Cycle,D4,D4-4,P-32
C-95,1095,7.5,Second Cycle,D1,D1-0,P-01
C-96,1096,7.5,Second Cycle,D5,D5-5,P-42
C-97,1097,7.5,First Cycle,D2,D2-3,P-12
C-98,1098,7.5,First Cycle,D2,D2-5,P-11
C-99,1099,7.5,First Cycle,D6,D6-5,P-51
C-100,1100,7.5,First Cycle,D6,D6-4,P-52
C-101,1101,7.5,Second Cycle,D5,D5-5,P-41
C-102,1102,7.5,Second Cycle,D5,D5-0,P-41
C-103,1103,7.5,First Cycle,D7,D7-1,P-63
C-104,1104,7.5,First Cycle,D8,D8-3,P-71
C-105,1105,7.5,First Cycle,D8,D8-1,P-74
C-106,1106,7.5,First Cycle,D4,D4-4,P-32
C-107,1107,7.5,Second Cycle,D4,D4-3,P-33
C-108,1108,7.5,First Cycle,D5,D5-0,P-42
C-109,1109,7.5,Second Cycle,D8,D8-3,P-73
C-110,1110,7.5,First Cycle,D4,D4-4,P-32
C-111,1111,7.5,Second Cycle,D4,D4-3,P-32
C-112,1112,7.5,Second Cycle,D1,D1-0,P-03
C-113,1113,7.5,Second Cycle,D6,D6-1,P-51
C-114,1114,7.5,Second Cycle,D5,D5-0,P-41
C-115,1115,7.5,First Cycle,D1,D1-1,P-02
C-116,1116,7.5,Second Cycle,D8,D8-0,P-72
C-117,1117,7.5,Second Cycle,D6,D6-3,P-51
C-118,1118,7.5,Second Cycle,D7,D7-4,P-61
C-119,1119,7.5,Second Cycle,D4,D4-5,P-33
C-120,1120,7.5,First Cycle,D2,D2-4,P-12
C-121,1121,7.5,First Cycle,D1,D1-0,P-01
C-122,1122,7.5,First Cycle,D6,D6-4,P-52
C-123,1123,7.5,First Cycle,D5,D5-4,P-42
C-124,1124,7.5,Second Cycle,D8,D8-3,P-71
C-125,1125,7.5,First Cycle,D4,D4-0,P-33
C-126,1126,7.5,Second Cycle,D1,D1-4,P-01
C-127,1127,7.5,Second Cycle,D2,D2-1,P-12
C-128,1128,7.5,Second Cycle,D7,D7-1,P-61
C-129,1129,7.5,Second Cycle,D6,D6-4,P-52
C-130,1130,7.5,First Cycle,D8,D8-4,P-71
C-131,1131,7.5,First Cycle,D7,D7-2,P-61
C-132,1132,7.5,First Cycle,D5,D5-0,P-43
C-133,1133,7.5,First Cycle,D8,D8-5,P-74
C-134,1134,7.5,Second Cycle,D4,D4-2,P-33
C-135,1135,7.5,First Cycle,D3,D3-1,P-21
C-136,1136,7.5,Second Cycle,D1,D1-5,P-03
C-137,1137,7.5,Second Cycle,D7,D7-0,P-62
C-138,1138,7.5,First Cycle,D1,D1-2,P-03
C-139,1139,7.5,First Cycle,D5,D5-2,P-41
C-140,1140,7.5,Second Cycle,D2,D2-1,P-12
C-141,1141,7.5,First Cycle,D5,D5-2,P-43
C-142,1142,7.5,First Cycle,D8,D8-0,P-73
C-143,1143,7.5,First Cycle,D4,D4-3,P-33
C-144,1144,7.5,Second Cycle,D5,D5-2,P-42
C-145,1145,7.5,First Cycle,D6,D6-5,P-51
C-146,1146,7.5,First Cycle,D7,D7-1,P-64
C-147,1147,7.5,First Cycle,D1,D1-3,P-02
C-148,1148,7.5,First Cycle,D2,D2-1,P-12
C-149,1149,7.5,Second Cycle,D2,D2-3,P-12
C-150,1150,7.5,First Cycle,D1,D1-0,P-02
C-151,1151,7.5,Second Cycle,D7,D7-5,P-64
C-152,1152,7.5,First Cycle,D1,D1-0,P-03
C-153,1153,7.5,Second Cycle,D1,D1-0,P-01
C-154,1154,7.5,First Cycle,D5,D5-3,P-41
C-155,1155,7.5,Second Cycle,D6,D6-1,P-51
C-156,1156,7.5,Second Cycle,D6,D6-2,P-51
C-157,1157,7.5,First Cycle,D6,D6-4,P-52
C-158,1158,7.5,First Cycle,D1,D1-5,P-02
C-159,1159,7.5,Second Cycle,D4,D4-3,P-32
C-160,1160,7.5,Second Cycle,D7,D7-2,P-62
C-161,1161,7.5,Second Cycle,D2,D2-3,P-11
C-162,1162,7.5,Second Cycle,D8,D8-3,P-71
C-163,1163,7.5,Second Cycle,D3,D3-1,P-21
C-164,1164,7.5,First Cycle,D4,D4-1,P-33
C-165,1165,7.5,First Cycle,D6,D6-2,P-51
C-166,1166,7.5,Second Cycle,D2,D2-4,P-11
C-167,1167,7.5,Second Cycle,D5,D5-0,P-42
C-168,1168,7.5,First Cycle,D7,D7-5,P-61
C-169,1169,7.5,Second Cycle,D2,D2-2,P-12
C-170,1170,7.5,First Cycle,D6,D6-2,P-51
C-171,1171,7.5,First Cycle,D8,D8-2,P-72
C-172,1172,7.5,First Cycle,D3,D3-3,P-21
C-173,1173,7.5,Second Cycle,D8,D8-5,P-73
C-174,1174,7.5,First Cycle,D5,D5-1,P-41
C-175,1175,7.5,Second Cycle,D6,D6-4,P-51
C-176,1176,7.5,Second Cycle,D2,D2-0,P-12
C-177,1177,7.5,Second Cycle,D2,D2-0,P-11
C-178,1178,7.5,Second Cycle,D2,D2-5,P-12
C-179,1179,7.5,Second Cycle,D1,D1-0,P-01
C-180,1180,7.5,First Cycle,D6,D6-2,P-51
C-181,1181,7.5,Second Cycle,D2,D2-5,P-11
C-182,1182,7.5,Second Cycle,D6,D6-1,P-51
C-183,1183,7.5,Second Cycle,D7,D7-2,P-64
C-184,1184,7.5,First Cycle,D7,D7-4,P-63
C-185,1185,7.5,Second Cycle,D8,D8-4,P-71
C-186,1186,7.5,First Cycle,D5,D5-1,P-43
C-187,1187,7.5,Second Cycle,D3,D3-2,P-22
C-188,1188,7.5,Second Cycle,D1,D1-4,P-02
C-189,1189,7.5,First Cycle,D1,D1-3,P-01
C-190,1190,7.5,Second Cycle,D5,D5-3,P-41
C-191,1191,7.5,Second Cycle,D5,D5-4,P-42
C-192,1192,7.5,First Cycle,D5,D5-5,P-41
C-193,1193,7.5,First Cycle,D4,D4-3,P-32
C-194,1194,7.5,Second Cycle,D6,D6-2,P-52
C-195,1195,7.5,Second Cycle,D2,D2-2,P-11
C-196,1196,7.5,First Cycle,D5,D5-2,P-43
C-197,1197,7.5,First Cycle,D3,D3-5,P-21
C-198,1198,7.5,First Cycle,D3,D3-3,P-22
C-199,1199,7.5,Second Cycle,D7,D7-5,P-62
C-200,1200,7.5,First Cycle,D3,D3-0,P-21
C-201,1201,7.5,First Cycle,D4,D4-2,P-31
C-202,1202,7.5,Second Cycle,D6,D6-4,P-51
C-203,1203,7.5,Second Cycle,D1,D1-1,P-02
C-204,1204,7.5,First Cycle,D6,D6-1,P-51
C-205,1205,7.5,First Cycle,D7,D7-2,P-62
C-206,1206,7.5,First Cycle,D6,D6-2,P-51
C-207,1207,7.5,Second Cycle,D2,D2-4,P-12
C-208,1208,7.5,Second Cycle,D3,D3-5,P-22
C-209,1209,7.5,First Cycle,D2,D2-4,P-12
C-210,1210,7.5,First Cycle,D4,D4-0,P-33
C-211,1211,7.5,Second Cycle,D5,D5-5,P-42
C-212,1212,7.5,First Cycle,D3,D3-3,P-22
C-213,1213,7.5,First Cycle,D7,D7-3,P-62
C-214,1214,7.5,Second Cycle,D7,D7-2,P-62
C-215,1215,7.5,First Cycle,D4,D4-3,P-33
C-216,1216,7.5,Second Cycle,D6,D6-4,P-51
C-217,1217,7.5,Second Cycle,D3,D3-2,P-22
C-218,1218,7.5,First Cycle,D4,D4-3,P-32
C-219,1219,7.5,Second Cycle,D1,D1-3,P-03
C-220,1220,7.5,First Cycle,D3,D3-4,P-22
C-221,1221,7.5,First Cycle,D3,D3-1,P-22
C-222,1222,7.5,Second Cycle,D6,D6-2,P-51
C-223,1223,7.5,Second Cycle,D3,D3-1,P-21
C-224,1224,7.5,Second Cycle,D7,D7-5,P-63
C-225,1225,7.5,Second Cycle,D3,D3-2,P-22
C-226,1226,7.5,Second Cycle,D3,D3-0,P-22
C-227,1227,7.5,Second Cycle,D5,D5-2,P-43
C-228,1228,7.5,First Cycle,D4,D4-1,P-32
C-229,1229,7.5,First Cycle,D6,D6-2,P-52
C-230,1230,7.5,Second Cycle,D5,D5-1,P-43
C-231,1231,7.5,First Cycle,D1,D1-0,P-03
C-232,1232,7.5,First Cycle,D7,D7-1,P-61
C-233,1233,7.5,Second Cycle,D2,D2-5,P-12
C-234,1234,7.5,First Cycle,D7,D7-1,P-63
C-235,1235,7.5,Second Cycle,D8,D8-2,P-73
C-236,1236,7.5,Second Cycle,D7,D7-5,P-63
C-237,1237,7.5,Second Cycle,D1,D1-1,P-02
C-238,1238,7.5,Second Cycle,D3,D3-1,P-22
C-239,1239,7.5,Second Cycle,D3,D3-2,P-22
C-240,1240,7.5,Second Cycle,D3,D3-0,P-22
C-241,1241,7.5,Second Cycle,D7,D7-4,P-64
C-242,1242,7.5,Second Cycle,D1,D1-1,P-02
C-243,1243,7.5,First Cycle,D4,D4-2,P-33
C-244,1244,7.5,First Cycle,D1,D1-5,P-01
C-245,1245,7.5,First Cycle,D8,D8-3,P-72
C-246,1246,7.5,Second Cycle,D4,D4-5,P-32
C-247,1247,7.5,First Cycle,D3,D3-1,P-22
C-248,1248,7.5,First Cycle,D2,D2-0,P-12
C-249,1249,7.5,Second Cycle,D7,D7-1,P-64
C-250,1250,7.5,Second Cycle,D5,D5-3,P-43
C-251,1251,7.5,First Cycle,D3,D3-1,P-21
C-252,1252,7.5,Second Cycle,D5,D5-2,P-41
C-253,1253,7.5,First Cycle,D6,D6-3,P-52
C-254,1254,7.5,First Cycle,D5,D5-2,P-42
C-255,1255,7.5,Second Cycle,D5,D5-5,P-42
C-256,1256,7.5,First Cycle,D3,D3-1,P-22
C-257,1257,7.5,Second Cycle,D7,D7-3,P-61
C-258,1258,7.5,Second Cycle,D4,D4-4,P-32
C-259,1259,7.5,First Cycle,D1,D1-0,P-02
C-260,1260,7.5,First Cycle,D1,D1-0,P-03
C-261,1261,7.5,First Cycle,D7,D7-4,P-63
C-262,1262,7.5,Second Cycle,D7,D7-0,P-63
C-263,1263,7.5,Second Cycle,D8,D8-0,P-72
C-264,1264,7.5,First Cycle,D2,D2-2,P-12
C-265,1265,7.5,First Cycle,D1,D1-4,P-01
C-266,1266,7.5,First Cycle,D5,D5-3,P-42
C-267,1267,7.5,Second Cycle,D8,D8-4,P-72
C-268,1268,7.5,First Cycle,D5,D5-0,P-41
C-269,1269,7.5,Second Cycle,D6,D6-4,P-52
C-270,1270,7.5,First Cycle,D6,D6-4,P-52
C-271,1271,7.5,Second Cycle,D5,D5-5,P-41
C-272,1272,7.5,Second Cycle,D6,D6-4,P-52
C-273,1273,7.5,First Cycle,D2,D2-1,P-12
C-274,1274,7.5,Second Cycle,D5,D5-1,P-42
C-275,1275,7.5,Second Cycle,D5,D5-0,P-41
C-276,1276,7.5,First Cycle,D4,D4-1,P-33
C-277,1277,7.5,First Cycle,D2,D2-0,P-12
C-278,1278,7.5,First Cycle,D4,D4-4,P-33
C-279,1279,7.5,Second Cycle,D3,D3-4,P-21
C-280,1280,7.5,Second Cycle,D7,D7-5,P-62
C-281,1281,7.5,Second Cycle,D7,D7-3,P-62
C-282,1282,7.5,Second Cycle,D4,D4-5,P-32
C-283,1283,7.5,Second Cycle,D8,D8-5,P-73
C-284,1284,7.5,First Cycle,D3,D3-0,P-21
C-285,1285,7.5,Second Cycle,D6,D6-5,P-52
C-286,1286,7.5,Second Cycle,D5,D5-0,P-43
C-287,1287,7.5,First Cycle,D2,D2-4,P-12
C-288,1288,7.5,Second Cycle,D4,D4-0,P-32
C-289,1289,7.5,First Cycle,D4,D4-1,P-32
C-290,1290,7.5,Second Cycle,D1,D1-1,P-03
C-291,1291,7.5,Second Cycle,D7,D7-0,P-63
C-292,1292,7.5,First Cycle,D1,D1-3,P-02
C-293,1293,7.5,Second Cycle,D3,D3-3,P-21
C-294,1294,7.5,First Cycle,D7,D7-5,P-64
C-295,1295,7.5,First Cycle,D6,D6-2,P-52
C-296,1296,7.5,Second Cycle,D8,D8-4,P-71
C-297,1297,7.5,Second Cycle,D8,D8-5,P-71
C-298,1298,7.5,First Cycle,D7,D7-0,P-63
C-299,1299,7.5,Second Cycle,D4,D4-1,P-33
C-300,1300,7.5,Second Cycle,D3,D3-4,P-22
C-301,1301,7.5,Second Cycle,D4,D4-3,P-31
C-302,1302,7.5,First Cycle,D5,D5-4,P-42
C-303,1303,7.5,Second Cycle,D1,D1-1,P-01
C-304,1304,7.5,Second Cycle,D8,D8-2,P-74
C-305,1305,7.5,Second Cycle,D3,D3-2,P-21
C-306,1306,7.5,Second Cycle,D8,D8-2,P-74
C-307,1307,7.5,First Cycle,D8,D8-3,P-74
C-308,1308,7.5,First Cycle,D8,D8-1,P-72
C-309,1309,7.5,Second Cycle,D8,D8-5,P-71
C-310,1310,7.5,Second Cycle,D6,D6-4,P-52
C-311,1311,7.5,Second Cycle,D1,D1-1,P-02
C-312,1312,7.5,First Cycle,D6,D6-2,P-51
C-313,1313,7.5,Second Cycle,D8,D8-5,P-72
C-314,1314,7.5,Second Cycle,D7,D7-1,P-64
C-315,1315,7.5,Second Cycle,D2,D2-3,P-11
C-316,1316,7.5,Second Cycle,D3,D3-0,P-21
C-317,1317,7.5,Second Cycle,D3,D3-2,P-22
C-318,1318,7.5,First Cycle,D6,D6-3,P-51
C-319,1319,7.5,Second Cycle,D7,D7-3,P-64
C-320,1320,7.5,First Cycle,D2,D2-3,P-12
C-321,1321,7.5,First Cycle,D1,D1-4,P-01
C-322,1322,7.5,Second Cycle,D4,D4-5,P-33
C-323,1323,7.5,First Cycle,D7,D7-3,P-63
C-324,1324,7.5,First Cycle,D2,D2-4,P-11
C-325,1325,7.5,First Cycle,D7,D7-3,P-61
C-326,1326,7.5,Second Cycle,D7,D7-4,P-64
C-327,1327,7.5,First Cycle,D1,D1-4,P-01
C-328,1328,7.5,Second Cycle,D2,D2-1,P-12
C-329,1329,7.5,First Cycle,D1,D1-4,P-02
C-330,1330,7.5,First Cycle,D5,D5-0,P-43
C-331,1331,7.5,First Cycle,D8,D8-5,P-73
C-332,1332,7.5,Second Cycle,D1,D1-3,P-02
C-333,1333,7.5,Second Cycle,D3,D3-1,P-22
C-334,1334,7.5,First Cycle,D3,D3-1,P-21
C-335,1335,7.5,First Cycle,D1,D1-4,P-02
C-336,1336,7.5,Second Cycle,D2,D2-1,P-11
C-337,1337,7.5,First Cycle,D2,D2-1,P-11
C-338,1338,7.5,Second Cycle,D2,D2-2,P-11
C-339,1339,7.5,First Cycle,D7,D7-0,P-61
C-340,1340,7.5,Second Cycle,D1,D1-5,P-03
C-341,1341,7.5,Second Cycle,D3,D3-3,P-22
C-342,1342,7.5,Second Cycle,D4,D4-1,P-32
C-343,1343,7.5,Second Cycle,D3,D3-2,P-22
C-344,1344,7.5,First Cycle,D8,D8-1,P-71
C-345,1345,7.5,Second Cycle,D1,D1-1,P-01
C-346,1346,7.5,First Cycle,D3,D3-4,P-21
C-347,1347,7.5,Second Cycle,D7,D7-0,P-61
C-348,1348,7.5,First Cycle,D3,D3-2,P-21
C-349,1349,7.5,Second Cycle,D5,D5-3,P-43
C-350,1350,7.5,Second Cycle,D3,D3-0,P-22
C-351,1351,7.5,First Cycle,D1,D1-5,P-01
C-352,1352,7.5,First Cycle,D4,D4-2,P-33
C-353,1353,7.5,First Cycle,D1,D1-1,P-02
C-354,1354,7.5,First Cycle,D5,D5-0,P-43
C-355,1355,7.5,First Cycle,D4,D4-1,P-33
C-356,1356,7.5,First Cycle,D2,D2-3,P-12
C-357,1357,7.5,Second Cycle,D1,D1-5,P-01
C-358,1358,7.5,First Cycle,D1,D1-0,P-01
C-359,1359,7.5,Second Cycle,D5,D5-1,P-43
C-360,1360,7.5,First Cycle,D4,D4-3,P-32
C-361,1361,7.5,First Cycle,D2,D2-1,P-12
C-362,1362,7.5,First Cycle,D4,D4-5,P-32
C-363,1363,7.5,Second Cycle,D5,D5-2,P-41
C-364,1364,7.5,Second Cycle,D1,D1-2,P-01
C-365,1365,7.5,First Cycle,D5,D5-3,P-43
C-366,1366,7.5,Second Cycle,D5,D5-2,P-43
C-367,1367,7.5,First Cycle,D3,D3-4,P-21
C-368,1368,7.5,Second Cycle,D7,D7-5,P-62
C-369,1369,7.5,Second Cycle,D4,D4-2,P-31
C-370,1370,7.5,First Cycle,D8,D8-0,P-71
C-371,1371,7.5,Second Cycle,D6,D6-3,P-52
C-372,1372,7.5,Second Cycle,D6,D6-3,P-52
C-373,1373,7.5,Second Cycle,D6,D6-4,P-51
C-374,1374,7.5,Second Cycle,D1,D1-5,P-01
C-375,1375,7.5,Second Cycle,D2,D2-0,P-11
C-376,1376,7.5,Second Cycle,D4,D4-1,P-31
C-377,1377,7.5,First Cycle,D3,D3-0,P-21
C-378,1378,7.5,First Cycle,D8,D8-0,P-72
C-379,1379,7.5,Second Cycle,D6,D6-4,P-51
C-380,1380,7.5,Second Cycle,D2,D2-4,P-11
C-381,1381,7.5,First Cycle,D2,D2-0,P-11
C-382,1382,7.5,First Cycle,D7,D7-4,P-63
C-383,1383,7.5,First Cycle,D6,D6-3,P-51
C-384,1384,7.5,First Cycle,D5,D5-3,P-43
C-385,1385,7.5,First Cycle,D4,D4-1,P-32
C-386,1386,7.5,First Cycle,D7,D7-5,P-62
C-387,1387,7.5,First Cycle,D7,D7-5,P-61
C-388,1388,7.5,Second Cycle,D3,D3-5,P-21
C-389,1389,7.5,Second Cycle,D3,D3-0,P-22
C-390,1390,7.5,First Cycle,D4,D4-0,P-32
C-391,1391,7.5,Second Cycle,D7,D7-1,P-61
C-392,1392,7.5,Second Cycle,D7,D7-5,P-61
C-393,1393,7.5,First Cycle,D7,D7-2,P-64
C-394,1394,7.5,Second Cycle,D4,D4-2,P-32
C-395,1395,7.5,Second Cycle,D4,D4-1,P-33
C-396,1396,7.5,Second Cycle,D7,D7-0,P-61
C-397,1397,7.5,Second Cycle,D2,D2-0,P-12
C-398,1398,7.5,First Cycle,D8,D8-3,P-72
C-399,1399,7.5,Second Cycle,D2,D2-0,P-12
C-400,1400,7.5,First Cycle,D2,D2-3,P-12
C-401,1401,7.5,Second Cycle,D3,D3-4,P-22
C-402,1402,7.5,First Cycle,D3,D3-5,P-22
C-403,1403,7.5,First Cycle,D3,D3-5,P-22
C-404,1404,7.5,First Cycle,D2,D2-0,P-12
C-405,1405,7.5,Second Cycle,D8,D8-3,P-73
C-406,1406,7.5,Second Cycle,D7,D7-0,P-61
C-407,1407,7.5,First Cycle,D7,D7-2,P-63
C-408,1408,7.5,Second Cycle,D6,D6-1,P-51
C-409,1409,7.5,Second Cycle,D7,D7-1,P-61
C-410,1410,7.5,Second Cycle,D8,D8-2,P-72
C-411,1411,7.5,First Cycle,D2,D2-5,P-12
C-412,1412,7.5,First Cycle,D5,D5-0,P-43
C-413,1413,7.5,Second Cycle,D7,D7-2,P-61
C-414,1414,7.5,Second Cycle,D7,D7-3,P-63
C-415,1415,7.5,First Cycle,D2,D2-0,P-12
C-416,1416,7.5,Second Cycle,D6,D6-0,P-51
C-417,1417,7.5,Second Cycle,D2,D2-1,P-11
C-418,1418,7.5,Second Cycle,D6,D6-5,P-51
C-419,1419,7.5,First Cycle,D1,D1-2,P-02
C-420,1420,7.5,Second Cycle,D2,D2-1,P-11
C-421,1421,7.5,Second Cycle,D8,D8-2,P-72
C-422,1422,7.5,Second Cycle,D2,D2-5,P-11
C-423,1423,7.5,First Cycle,D1,D1-0,P-01
C-424,1424,7.5,Second Cycle,D6,D6-2,P-52
C-425,1425,7.5,Second Cycle,D6,D6-1,P-52
C-426,1426,7.5,Second Cycle,D3,D3-3,P-21
C-427,1427,7.5,Second Cycle,D5,D5-4,P-43
C-428,1428,7.5,First Cycle,D5,D5-2,P-41
C-429,1429,7.5,First Cycle,D2,D2-0,P-12
C-430,1430,7.5,Second Cycle,D7,D7-0,P-63
C-431,1431,7.5,First Cycle,D5,D5-3,P-41
C-432,1432,7.5,First Cycle,D5,D5-2,P-42
C-433,1433,7.5,First Cycle,D4,D4-4,P-31
C-434,1434,7.5,First Cycle,D3,D3-2,P-22
C-435,1435,7.5,First Cycle,D6,D6-0,P-51
C-436,1436,7.5,First Cycle,D6,D6-4,P-52
C-437,1437,7.5,First Cycle,D6,D6-3,P-51
C-438,1438,7.5,First Cycle,D8,D8-1,P-71
C-439,1439,7.5,Second Cycle,D7,D7-4,P-62
C-440,1440,7.5,First Cycle,D3,D3-1,P-21
C-441,1441,7.5,Second Cycle,D6,D6-0,P-52
C-442,1442,7.5,First Cycle,D7,D7-0,P-61
C-443,1443,7.5,First Cycle,D7,D7-3,P-64
C-444,1444,7.5,Second Cycle,D3,D3-5,P-22
C-445,1445,7.5,Second Cycle,D4,D4-3,P-31
C-446,1446,7.5,First Cycle,D5,D5-5,P-42
C-447,1447,7.5,Second Cycle,D2,D2-3,P-12
C-448,1448,7.5,First Cycle,D3,D3-3,P-21
C-449,1449,7.5,Second Cycle,D2,D2-3,P-12
C-450,1450,7.5,First Cycle,D8,D8-5,P-71
C-451,1451,7.5,Second Cycle,D4,D4-5,P-33
C-452,1452,7.5,Second Cycle,D1,D1-2,P-02
C-453,1453,7.5,Second Cycle,D7,D7-3,P-61
C-454,1454,7.5,First Cycle,D3,D3-0,P-22
C-455,1455,7.5,Second Cycle,D1,D1-5,P-03
C-456,1456,7.5,Second Cycle,D7,D7-0,P-64
C-457,1457,7.5,First Cycle,D8,D8-3,P-71
C-458,1458,7.5,Second Cycle,D2,D2-5,P-11
C-459,1459,7.5,Second Cycle,D2,D2-1,P-11
C-460,1460,7.5,Second Cycle,D1,D1-4,P-02
C-461,1461,7.5,First Cycle,D4,D4-4,P-32
C-462,1462,7.5,Second Cycle,D7,D7-0,P-61
C-463,1463,7.5,First Cycle,D4,D4-2,P-33
C-464,1464,7.5,Second Cycle,D5,D5-0,P-43
C-465,1465,7.5,Second Cycle,D2,D2-2,P-12
C-466,1466,7.5,Second Cycle,D5,D5-1,P-41
C-467,1467,7.5,First Cycle,D3,D3-1,P-21
C-468,1468,7.5,Second Cycle,D5,D5-1,P-42
C-469,1469,7.5,First Cycle,D1,D1-2,P-01
C-470,1470,7.5,Second Cycle,D3,D3-3,P-21
C-471,1471,7.5,First Cycle,D2,D2-5,P-11
C-472,1472,7.5,First Cycle,D4,D4-3,P-31
C-473,1473,7.5,Second Cycle,D7,D7-2,P-61
C-474,1474,7.5,First Cycle,D2,D2-5,P-11
C-475,1475,7.5,Second Cycle,D6,D6-1,P-52
C-476,1476,7.5,Second Cycle,D2,D2-1,P-12
C-477,1477,7.5,First Cycle,D6,D6-5,P-51
C-478,1478,7.5,Second Cycle,D4,D4-2,P-33
C-479,1479,7.5,Second Cycle,D1,D1-2,P-01
C-480,1480,7.5,First Cycle,D7,D7-0,P-63
C-481,1481,7.5,First Cycle,D1,D1-4,P-02
C-482,1482,7.5,First Cycle,D5,D5-2,P-43
C-483,1483,7.5,First Cycle,D6,D6-1,P-52
C-484,1484,7.5,Second Cycle,D3,D3-5,P-22
C-485,1485,7.5,Second Cycle,D6,D6-0,P-51
C-486,1486,7.5,First Cycle,D3,D3-5,P-22
C-487,1487,7.5,First Cycle,D4,D4-2,P-33
C-488,1488,7.5,First Cycle,D4,D4-0,P-32
C-489,1489,7.5,First Cycle,D7,D7-2,P-64
C-490,1490,7.5,First Cycle,D5,D5-2,P-42
C-491,1491,7.5,Second Cycle,D8,D8-4,P-71
C-492,1492,7.5,Second Cycle,D8,D8-5,P-72
C-493,1493,7.5,Second Cycle,D6,D6-0,P-51
C-494,1494,7.5,Second Cycle,D4,D4-0,P-32
C-495,1495,7.5,First Cycle,D6,D6-4,P-52
C-496,1496,7.5,First Cycle,D4,D4-0,P-32
C-497,1497,7.5,Second Cycle,D5,D5-1,P-41
C-498,1498,7.5,First Cycle,D2,D2-4,P-11
C-499,1499,7.5,First Cycle,D5,D5-1,P-41
C-500,1500,7.5,First Cycle,D2,D2-3,P-11
C-501,1501,7.5,First Cycle,D4,D4-1,P-33
C-502,1502,7.5,Second Cycle,D2,D2-3,P-12
C-503,1503,7.5,Second Cycle,D5,D5-1,P-41
C-504,1504,7.5,Second Cycle,D6,D6-4,P-52
C-505,1505,7.5,First Cycle,D6,D6-3,P-51
C-506,1506,7.5,First Cycle,D5,D5-2,P-42
C-507,1507,7.5,First Cycle,D3,D3-4,P-22
C-508,1508,7.5,Second Cycle,D5,D5-4,P-42
C-509,1509,7.5,Second Cycle,D7,D7-5,P-64
C-510,1510,7.5,First Cycle,D2,D2-3,P-12
C-511,1511,7.5,First Cycle,D4,D4-5,P-33
C-512,1512,7.5,First Cycle,D5,D5-0,P-42
C-513,1513,7.5,Second Cycle,D2,D2-1,P-11
C-514,1514,7.5,First Cycle,D4,D4-3,P-31
C-515,1515,7.5,Second Cycle,D7,D7-4,P-62
C-516,1516,7.5,First Cycle,D6,D6-1,P-51
C-517,1517,7.5,Second Cycle,D8,D8-2,P-71
C-518,1518,7.5,Second Cycle,D8,D8-2,P-71
C-519,1519,7.5,Second Cycle,D7,D7-1,P-62
C-520,1520,7.5,First Cycle,D7,D7-4,P-64
C-521,1521,7.5,First Cycle,D3,D3-0,P-21
C-522,1522,7.5,First Cycle,D7,D7-5,P-63
C-523,1523,7.5,First Cycle,D8,D8-2,P-72
C-524,1524,7.5,First Cycle,D2,D2-5,P-12
C-525,1525,7.5,First Cycle,D4,D4-1,P-33
C-526,1526,7.5,First Cycle,D4,D4-2,P-33
C-527,1527,7.5,First Cycle,D6,D6-4,P-51
C-528,1528,7.5,First Cycle,D2,D2-3,P-12
C-529,1529,7.5,First Cycle,D6,D6-3,P-51
C-530,1530,7.5,Second Cycle,D2,D2-0,P-11
C-531,1531,7.5,First Cycle,D7,D7-0,P-63
C-532,1532,7.5,First Cycle,D3,D3-1,P-21
C-533,1533,7.5,Second Cycle,D8,D8-2,P-71
C-534,1534,7.5,First Cycle,D6,D6-0,P-52
C-535,1535,7.5,Second Cycle,D7,D7-5,P-61
C-536,1536,7.5,Second Cycle,D3,D3-5,P-21
C-537,1537,7.5,First Cycle,D4,D4-2,P-32
C-538,1538,7.5,First Cycle,D4,D4-1,P-32
C-539,1539,7.5,First Cycle,D3,D3-0,P-22
C-540,1540,7.5,First Cycle,D2,D2-3,P-12
C-541,1541,7.5,Second Cycle,D1,D1-4,P-03
C-542,1542,7.5,First Cycle,D4,D4-4,P-31
C-543,1543,7.5,First Cycle,D2,D2-0,P-12
C-544,1544,7.5,First Cycle,D6,D6-5,P-51
C-545,1545,7.5,Second Cycle,D2,D2-0,P-11
C-546,1546,7.5,First Cycle,D2,D2-1,P-11
C-547,1547,7.5,Second Cycle,D1,D1-5,P-02
C-548,1548,7.5,Second Cycle,D5,D5-2,P-42
C-549,1549,7.5,Second Cycle,D7,D7-1,P-62
C-550,1550,7.5,First Cycle,D6,D6-0,P-51
C-551,1551,7.5,First Cycle,D7,D7-5,P-63
C-552,1552,7.5,Second Cycle,D8,D8-0,P-73
C-553,1553,7.5,Second Cycle,D5,D5-0,P-41
C-554,1554,7.5,Second Cycle,D5,D5-1,P-41
C-555,1555,7.5,Second Cycle,D4,D4-5,P-31
C-556,1556,7.5,First Cycle,D4,D4-4,P-33
C-557,1557,7.5,Second Cycle,D1,D1-1,P-02
C-558,1558,7.5,Second Cycle,D5,D5-1,P-42
C-559,1559,7.5,First Cycle,D8,D8-3,P-73
C-560,1560,7.5,Second Cycle,D3,D3-3,P-22
C-561,1561,7.5,Second Cycle,D5,D5-0,P-42
C-562,1562,7.5,First Cycle,D3,D3-0,P-21
C-563,1563,7.5,Second Cycle,D7,D7-4,P-62
C-564,1564,7.5,Second Cycle,D6,D6-5,P-52
C-565,1565,7.5,Second Cycle,D5,D5-2,P-41
C-566,1566,7.5,First Cycle,D1,D1-2,P-02
C-567,1567,7.5,Second Cycle,D3,D3-0,P-21
C-568,1568,7.5,Second Cycle,D1,D1-0,P-02
C-569,1569,7.5,First Cycle,D3,D3-5,P-22
C-570,1570,7.5,First Cycle,D1,D1-4,P-03
C-571,1571,7.5,First Cycle,D4,D4-5,P-33
C-572,1572,7.5,Second Cycle,D2,D2-4,P-11
C-573,1573,7.5,Second Cycle,D8,D8-4,P-71
C-574,1574,7.5,First Cycle,D8,D8-5,P-72
C-575,1575,7.5,First Cycle,D3,D3-5,P-22
C-576,1576,7.5,First Cycle,D6,D6-4,P-51
C-577,1577,7.5,First Cycle,D2,D2-3,P-12
C-578,1578,7.5,Second Cycle,D6,D6-5,P-51
C-579,1579,7.5,First Cycle,D6,D6-5,P-51
C-580,1580,7.5,First Cycle,D4,D4-2,P-32
C-581,1581,7.5,Second Cycle,D8,D8-5,P-73
C-582,1582,7.5,First Cycle,D5,D5-3,P-41
C-583,1583,7.5,Second Cycle,D3,D3-2,P-22
C-584,1584,7.5,First Cycle,D7,D7-2,P-64
C-585,1585,7.5,First Cycle,D8,D8-3,P-71
C-586,1586,7.5,First Cycle,D8,D8-4,P-72
C-587,1587,7.5,Second Cycle,D6,D6-0,P-51
C-588,1588,7.5,First Cycle,D7,D7-5,P-62
C-589,1589,7.5,First Cycle,D5,D5-0,P-43
C-590,1590,7.5,First Cycle,D5,D5-4,P-42
C-591,1591,7.5,Second Cycle,D2,D2-1,P-12
C-592,1592,7.5,First Cycle,D4,D4-1,P-32
C-593,1593,7.5,First Cycle,D8,D8-0,P-73
C-594,1594,7.5,First Cycle,D6,D6-0,P-52
C-595,1595,7.5,First Cycle,D7,D7-1,P-62
C-596,1596,7.5,Second Cycle,D6,D6-5,P-52
C-597,1597,7.5,First Cycle,D8,D8-2,P-73
C-598,1598,7.5,First Cycle,D8,D8-0,P-74
C-599,1599,7.5,First Cycle,D5,D5-5,P-42
C-600,1600,7.5,First Cycle,D2,D2-4,P-11
C-601,1601,7.5,First Cycle,D4,D4-3,P-32
C-602,1602,7.5,First Cycle,D3,D3-2,P-21
C-603,1603,7.5,Second Cycle,D6,D6-2,P-51
C-604,1604,7.5,Second Cycle,D1,D1-3,P-03
C-605,1605,7.5,Second Cycle,D3,D3-2,P-22
C-606,1606,7.5,Second Cycle,D2,D2-0,P-12
C-607,1607,7.5,First Cycle,D6,D6-1,P-51
C-608,1608,7.5,Second Cycle,D7,D7-5,P-61
C-609,1609,7.5,First Cycle,D4,D4-2,P-31
C-610,1610,7.5,First Cycle,D2,D2-1,P-11
C-611,1611,7.5,First Cycle,D5,D5-1,P-43
C-612,1612,7.5,First Cycle,D7,D7-1,P-61
C-613,1613,7.5,Second Cycle,D5,D5-1,P-43
C-614,1614,7.5,First Cycle,D5,D5-3,P-41
C-615,1615,7.5,First Cycle,D5,D5-5,P-41
C-616,1616,7.5,First Cycle,D6,D6-1,P-52
C-617,1617,7.5,First Cycle,D3,D3-3,P-21
C-618,1618,7.5,Second Cycle,D5,D5-5,P-42
C-619,1619,7.5,First Cycle,D8,D8-2,P-71
C-620,1620,7.5,First Cycle,D8,D8-5,P-74
C-621,1621,7.5,First Cycle,D1,D1-0,P-03
C-622,1622,7.5,Second Cycle,D5,D5-2,P-43
C-623,1623,7.5,First Cycle,D6,D6-2,P-51
C-624,1624,7.5,First Cycle,D1,D1-5,P-03
C-625,1625,7.5,First Cycle,D7,D7-4,P-64
C-626,1626,7.5,First Cycle,D6,D6-1,P-52
C-627,1627,7.5,Second Cycle,D2,D2-3,P-11
C-628,1628,7.5,Second Cycle,D1,D1-0,P-03
C-629,1629,7.5,Second Cycle,D2,D2-2,P-11
C-630,1630,7.5,Second Cycle,D2,D2-5,P-11
C-631,1631,7.5,First Cycle,D3,D3-2,P-21
C-632,1632,7.5,First Cycle,D2,D2-4,P-12
C-633,1633,7.5,First Cycle,D6,D6-2,P-51
C-634,1634,7.5,First Cycle,D5,D5-1,P-41
C-635,1635,7.5,Second Cycle,D5,D5-3,P-41
C-636,1636,7.5,Second Cycle,D7,D7-1,P-62
C-637,1637,7.5,First Cycle,D7,D7-4,P-61
C-638,1638,7.5,First Cycle,D1,D1-5,P-01
C-639,1639,7.5,First Cycle,D5,D5-1,P-42
C-640,1640,7.5,Second Cycle,D7,D7-3,P-62
C-641,1641,7.5,Second Cycle,D2,D2-5,P-12
C-642,1642,7.5,Second Cycle,D2,D2-0,P-12
C-643,1643,7.5,First Cycle,D2,D2-0,P-11
C-644,1644,7.5,First Cycle,D3,D3-4,P-22
C-645,1645,7.5,Second Cycle,D1,D1-0,P-03
C-646,1646,7.5,Second Cycle,D1,D1-4,P-01
C-647,1647,7.5,Second Cycle,D5,D5-0,P-41
C-648,1648,7.5,First Cycle,D7,D7-0,P-63
C-649,1649,7.5,First Cycle,D3,D3-5,P-22
C-650,1650,7.5,First Cycle,D7,D7-5,P-62
C-651,1651,7.5,Second Cycle,D1,D1-3,P-03
C-652,1652,7.5,Second Cycle,D1,D1-2,P-01
C-653,1653,7.5,Second Cycle,D1,D1-1,P-03
C-654,1654,7.5,Second Cycle,D6,D6-4,P-51
C-655,1655,7.5,First Cycle,D5,D5-2,P-41
C-656,1656,7.5,First Cycle,D7,D7-5,P-64
C-657,1657,7.5,Second Cycle,D1,D1-5,P-01
C-658,1658,7.5,Second Cycle,D5,D5-0,P-43
C-659,1659,7.5,First Cycle,D1,D1-0,P-02
C-660,1660,7.5,Second Cycle,D3,D3-0,P-21
C-661,1661,7.5,Second Cycle,D8,D8-1,P-72
C-662,1662,7.5,Second Cycle,D6,D6-3,P-52
C-663,1663,7.5,First Cycle,D8,D8-5,P-71
C-664,1664,7.5,Second Cycle,D4,D4-2,P-32
C-665,1665,7.5,Second Cycle,D8,D8-4,P-72
C-666,1666,7.5,First Cycle,D6,D6-5,P-51
C-667,1667,7.5,First Cycle,D5,D5-2,P-42
C-668,1668,7.5,First Cycle,D2,D2-4,P-12
C-669,1669,7.5,First Cycle,D3,D3-1,P-22
C-670,1670,7.5,Second Cycle,D3,D3-1,P-22
C-671,1671,7.5,First Cycle,D2,D2-4,P-12
C-672,1672,7.5,First Cycle,D4,D4-2,P-31
C-673,1673,7.5,First Cycle,D6,D6-5,P-52
C-674,1674,7.5,First Cycle,D2,D2-2,P-11
C-675,1675,7.5,First Cycle,D3,D3-5,P-22
C-676,1676,7.5,First Cycle,D5,D5-4,P-42
C-677,1677,7.5,First Cycle,D2,D2-1,P-11
C-678,1678,7.5,First Cycle,D6,D6-4,P-51
C-679,1679,7.5,Second Cycle,D8,D8-1,P-72
C-680,1680,7.5,Second Cycle,D5,D5-2,P-43
C-681,1681,7.5,Second Cycle,D3,D3-4,P-21
C-682,1682,7.5,Second Cycle,D3,D3-1,P-21
C-683,1683,7.5,Second Cycle,D4,D4-1,P-32
C-684,1684,7.5,First Cycle,D1,D1-3,P-03
C-685,1685,7.5,Second Cycle,D4,D4-0,P-33
C-686,1686,7.5,First Cycle,D4,D4-1,P-31
C-687,1687,7.5,Second Cycle,D5,D5-5,P-41
C-688,1688,7.5,Second Cycle,D2,D2-5,P-12
C-689,1689,7.5,Second Cycle,D7,D7-4,P-62
C-690,1690,7.5,Second Cycle,D8,D8-4,P-74
C-691,1691,7.5,First Cycle,D2,D2-5,P-11
C-692,1692,7.5,Second Cycle,D6,D6-1,P-51
C-693,1693,7.5,First Cycle,D3,D3-4,P-21
C-694,1694,7.5,Second Cycle,D1,D1-1,P-02
C-695,1695,7.5,First Cycle,D2,D2-0,P-12
C-696,1696,7.5,First Cycle,D2,D2-1,P-12
C-697,1697,7.5,First Cycle,D7,D7-4,P-61
C-698,1698,7.5,First Cycle,D3,D3-3,P-22
C-699,1699,7.5,Second Cycle,D1,D1-2,P-02
C-700,1700,7.5,First Cycle,D5,D5-5,P-41
C-701,1701,7.5,Second Cycle,D4,D4-2,P-31
C-702,1702,7.5,First Cycle,D5,D5-3,P-43
C-703,1703,7.5,Second Cycle,D3,D3-4,P-22
C-704,1704,7.5,First Cycle,D4,D4-5,P-31
C-705,1705,7.5,First Cycle,D3,D3-5,P-21
C-706,1706,7.5,Second Cycle,D6,D6-2,P-52
C-707,1707,7.5,First Cycle,D2,D2-5,P-11
C-708,1708,7.5,First Cycle,D3,D3-5,P-22
C-709,1709,7.5,First Cycle,D1,D1-2,P-03
C-710,1710,7.5,First Cycle,D3,D3-2,P-22
C-711,1711,7.5,Second Cycle,D4,D4-1,P-33
C-712,1712,7.5,First Cycle,D8,D8-4,P-72
C-713,1713,7.5,Second Cycle,D4,D4-4,P-32
C-714,1714,7.5,Second Cycle,D3,D3-3,P-22
C-715,1715,7.5,First Cycle,D3,D3-1,P-21
C-716,1716,7.5,Second Cycle,D5,D5-3,P-42
C-717,1717,7.5,Second Cycle,D1,D1-4,P-01
C-718,1718,7.5,Second Cycle,D4,D4-2,P-33
C-719,1719,7.5,First Cycle,D6,D6-4,P-51
C-720,1720,7.5,First Cycle,D3,D3-0,P-21
C-721,1721,7.5,Second Cycle,D3,D3-5,P-21
C-722,1722,7.5,First Cycle,D3,D3-5,P-21
C-723,1723,7.5,Second Cycle,D7,D7-3,P-64
C-724,1724,7.5,Second Cycle,D5,D5-4,P-42
C-725,1725,7.5,First Cycle,D8,D8-1,P-73
C-726,1726,7.5,First Cycle,D1,D1-0,P-01
C-727,1727,7.5,First Cycle,D4,D4-2,P-31
C-728,1728,7.5,Second Cycle,D8,D8-1,P-74
C-729,1729,7.5,First Cycle,D1,D1-4,P-02
C-730,1730,7.5,First Cycle,D4,D4-1,P-32
C-731,1731,7.5,Second Cycle,D4,D4-3,P-33
C-732,1732,7.5,First Cycle,D5,D5-3,P-41
C-733,1733,7.5,First Cycle,D1,D1-5,P-01
C-734,1734,7.5,Second Cycle,D8,D8-5,P-71
C-735,1735,7.5,First Cycle,D3,D3-2,P-22
C-736,1736,7.5,First Cycle,D1,D1-5,P-03
C-737,1737,7.5,Second Cycle,D8,D8-4,P-73
C-738,1738,7.5,First Cycle,D5,D5-2,P-42
C-739,1739,7.5,Second Cycle,D8,D8-1,P-71
C-740,1740,7.5,Second Cycle,D6,D6-1,P-52
C-741,1741,7.5,First Cycle,D2,D2-2,P-11
C-742,1742,7.5,First Cycle,D4,D4-0,P-31
C-743,1743,7.5,First Cycle,D3,D3-5,P-21
C-744,1744,7.5,First Cycle,D7,D7-1,P-63
C-745,1745,7.5,Second Cycle,D5,D5-4,P-41
C-746,1746,7.5,First Cycle,D6,D6-0,P-52
C-747,1747,7.5,Second Cycle,D6,D6-3,P-51
C-748,1748,7.5,First Cycle,D1,D1-0,P-02
C-749,1749,7.5,Second Cycle,D4,D4-5,P-32
C-750,1750,7.5,First Cycle,D7,D7-1,P-64
C-751,1751,7.5,Second Cycle,D3,D3-4,P-21
C-752,1752,7.5,Second Cycle,D3,D3-3,P-21
C-753,1753,7.5,Second Cycle,D5,D5-2,P-42
C-754,1754,7.5,First Cycle,D1,D1-1,P-03
C-755,1755,7.5,First Cycle,D4,D4-1,P-32
C-756,1756,7.5,First Cycle,D6,D6-4,P-51
C-757,1757,7.5,First Cycle,D5,D5-5,P-41
C-758,1758,7.5,Second Cycle,D5,D5-1,P-42
C-759,1759,7.5,Second Cycle,D6,D6-4,P-52
C-760,1760,7.5,First Cycle,D6,D6-3,P-52
C-761,1761,7.5,First Cycle,D5,D5-5,P-41
C-762,1762,7.5,Second Cycle,D6,D6-2,P-51
C-763,1763,7.5,First Cycle,D6,D6-4,P-52
C-764,1764,7.5,First Cycle,D1,D1-3,P-03
C-765,1765,7.5,First Cycle,D4,D4-0,P-31
C-766,1766,7.5,First Cycle,D6,D6-3,P-51
C-767,1767,7.5,Second Cycle,D5,D5-2,P-42
C-768,1768,7.5,First Cycle,D1,D1-1,P-01
C-769,1769,7.5,Second Cycle,D1,D1-1,P-02
C-770,1770,7.5,Second Cycle,D7,D7-4,P-64
C-771,1771,7.5,Second Cycle,D7,D7-5,P-61
C-772,1772,7.5,First Cycle,D4,D4-0,P-33
C-773,1773,7.5,First Cycle,D2,D2-4,P-12
C-774,1774,7.5,First Cycle,D2,D2-1,P-12
C-775,1775,7.5,First Cycle,D5,D5-1,P-43
C-776,1776,7.5,Second Cycle,D3,D3-2,P-21
C-777,1777,7.5,First Cycle,D8,D8-4,P-72
C-778,1778,7.5,Second Cycle,D4,D4-0,P-33
C-779,1779,7.5,First Cycle,D6,D6-5,P-51
C-780,1780,7.5,Second Cycle,D6,D6-5,P-52
C-781,1781,7.5,Second Cycle,D8,D8-2,P-74
C-782,1782,7.5,First Cycle,D1,D1-2,P-03
C-783,1783,7.5,Second Cycle,D6,D6-1,P-52
C-784,1784,7.5,First Cycle,D5,D5-4,P-43
C-785,1785,7.5,First Cycle,D7,D7-5,P-63
C-786,1786,7.5,Second Cycle,D1,D1-4,P-03
C-787,1787,7.5,First Cycle,D2,D2-0,P-12
C-788,1788,7.5,First Cycle,D6,D6-1,P-52
C-789,1789,7.5,Second Cycle,D5,D5-5,P-43
C-790,1790,7.5,First Cycle,D3,D3-5,P-21
C-791,1791,7.5,Second Cycle,D7,D7-0,P-63
C-792,1792,7.5,Second Cycle,D4,D4-0,P-32
C-793,1793,7.5,Second Cycle,D2,D2-4,P-12
C-794,1794,7.5,First Cycle,D2,D2-1,P-12
C-795,1795,7.5,Second Cycle,D4,D4-0,P-32
C-796,1796,7.5,Second Cycle,D1,D1-3,P-02
C-797,1797,7.5,First Cycle,D6,D6-0,P-51
C-798,1798,7.5,First Cycle,D5,D5-3,P-43
C-799,1799,7.5,First Cycle,D8,D8-3,P-73
C-800,1800,7.5,First Cycle,D3,D3-5,P-22
C-801,1801,7.5,Second Cycle,D5,D5-3,P-41
C-802,1802,7.5,Second Cycle,D3,D3-2,P-21
C-803,1803,7.5,First Cycle,D6,D6-0,P-52
C-804,1804,7.5,First Cycle,D4,D4-4,P-32
C-805,1805,7.5,First Cycle,D8,D8-4,P-72
C-806,1806,7.5,Second Cycle,D8,D8-4,P-73
C-807,1807,7.5,Second Cycle,D3,D3-1,P-22
C-808,1808,7.5,Second Cycle,D4,D4-3,P-31
C-809,1809,7.5,First Cycle,D6,D6-4,P-52
C-810,1810,7.5,Second Cycle,D6,D6-4,P-52
C-811,1811,7.5,Second Cycle,D5,D5-3,P-43
C-812,1812,7.5,First Cycle,D5,D5-2,P-42
C-813,1813,7.5,Second Cycle,D6,D6-3,P-52
C-814,1814,7.5,First Cycle,D3,D3-0,P-21
C-815,1815,7.5,Second Cycle,D5,D5-0,P-43
C-816,1816,7.5,First Cycle,D6,D6-3,P-52
C-817,1817,7.5,Second Cycle,D5,D5-5,P-42
C-818,1818,7.5,Second Cycle,D2,D2-0,P-12
C-819,1819,7.5,Second Cycle,D5,D5-0,P-43
C-820,1820,7.5,First Cycle,D3,D3-3,P-22
C-821,1821,7.5,Second Cycle,D3,D3-2,P-22
C-822,1822,7.5,First Cycle,D4,D4-1,P-32
C-823,1823,7.5,First Cycle,D4,D4-4,P-31
C-824,1824,7.5,Second Cycle,D4,D4-0,P-33
C-825,1825,7.5,Second Cycle,D5,D5-2,P-42
C-826,1826,7.5,Second Cycle,D8,D8-2,P-71
C-827,1827,7.5,Second Cycle,D8,D8-0,P-73
C-828,1828,7.5,Second Cycle,D8,D8-1,P-74
C-829,1829,7.5,Second Cycle,D5,D5-1,P-41
C-830,1830,7.5,First Cycle,D6,D6-2,P-51
C-831,1831,7.5,Second Cycle,D8,D8-1,P-74
C-832,1832,7.5,Second Cycle,D6,D6-0,P-52
C-833,1833,7.5,First Cycle,D5,D5-1,P-41
C-834,1834,7.5,Second Cycle,D7,D7-0,P-61
C-835,1835,7.5,First Cycle,D5,D5-1,P-42
C-836,1836,7.5,Second Cycle,D4,D4-0,P-31
C-837,1837,7.5,First Cycle,D5,D5-3,P-41
C-838,1838,7.5,First Cycle,D2,D2-3,P-12
C-839,1839,7.5,First Cycle,D8,D8-4,P-74
C-840,1840,7.5,Second Cycle,D8,D8-5,P-74
C-841,1841,7.5,Second Cycle,D7,D7-2,P-64
C-842,1842,7.5,Second Cycle,D3,D3-2,P-22
C-843,1843,7.5,First Cycle,D3,D3-3,P-22
C-844,1844,7.5,Second Cycle,D7,D7-2,P-64
C-845,1845,7.5,Second Cycle,D3,D3-2,P-22
C-846,1846,7.5,First Cycle,D3,D3-2,P-21
C-847,1847,7.5,First Cycle,D6,D6-3,P-52
C-848,1848,7.5,Second Cycle,D3,D3-5,P-22
C-849,1849,7.5,Second Cycle,D1,D1-5,P-03
C-850,1850,7.5,Second Cycle,D4,D4-2,P-33
C-851,1851,7.5,First Cycle,D1,D1-0,P-01
C-852,1852,7.5,First Cycle,D2,D2-0,P-12
C-853,1853,7.5,Second Cycle,D5,D5-4,P-43
C-854,1854,7.5,Second Cycle,D7,D7-5,P-61
C-855,1855,7.5,Second Cycle,D3,D3-2,P-22
C-856,1856,7.5,Second Cycle,D4,D4-3,P-33
C-857,1857,7.5,First Cycle,D2,D2-1,P-11
C-858,1858,7.5,Second Cycle,D4,D4-0,P-31
C-859,1859,7.5,First Cycle,D6,D6-5,P-52
C-860,1860,7.5,Second Cycle,D2,D2-3,P-12
C-861,1861,7.5,First Cycle,D2,D2-5,P-12
C-862,1862,7.5,Second Cycle,D2,D2-5,P-11
C-863,1863,7.5,First Cycle,D8,D8-4,P-73
C-864,1864,7.5,Second Cycle,D7,D7-5,P-61
C-865,1865,7.5,First Cycle,D7,D7-4,P-64
C-866,1866,7.5,First Cycle,D2,D2-1,P-12
C-867,1867,7.5,Second Cycle,D1,D1-1,P-02
C-868,1868,7.5,First Cycle,D1,D1-2,P-01
C-869,1869,7.5,Second Cycle,D6,D6-3,P-52
C-870,1870,7.5,First Cycle,D4,D4-3,P-33
C-871,1871,7.5,First Cycle,D4,D4-1,P-32
C-872,1872,7.5,First Cycle,D5,D5-2,P-41
C-873,1873,7.5,Second Cycle,D4,D4-3,P-31
C-874,1874,7.5,First Cycle,D5,D5-3,P-43
C-875,1875,7.5,Second Cycle,D5,D5-4,P-43
C-876,1876,7.5,Second Cycle,D8,D8-1,P-73
C-877,1877,7.5,Second Cycle,D5,D5-1,P-42
C-878,1878,7.5,Second Cycle,D7,D7-0,P-63
C-879,1879,7.5,Second Cycle,D1,D1-5,P-02
C-880,1880,7.5,Second Cycle,D2,D2-0,P-12
C-881,1881,7.5,Second Cycle,D6,D6-4,P-51
C-882,1882,7.5,First Cycle,D1,D1-1,P-02
C-883,1883,7.5,First Cycle,D7,D7-4,P-61
C-884,1884,7.5,Second Cycle,D2,D2-1,P-12
C-885,1885,7.5,First Cycle,D8,D8-1,P-73
C-886,1886,7.5,First Cycle,D2,D2-5,P-12
C-887,1887,7.5,Second Cycle,D1,D1-2,P-01
C-888,1888,7.5,First Cycle,D7,D7-0,P-61
C-889,1889,7.5,Second Cycle,D8,D8-5,P-73
C-890,1890,7.5,Second Cycle,D5,D5-0,P-42
C-891,1891,7.5,Second Cycle,D1,D1-1,P-01
C-892,1892,7.5,Second Cycle,D6,D6-2,P-52
C-893,1893,7.5,Second Cycle,D1,D1-0,P-01
C-894,1894,7.5,First Cycle,D7,D7-2,P-62
C-895,1895,7.5,First Cycle,D5,D5-1,P-42
C-896,1896,7.5,Second Cycle,D5,D5-0,P-42
C-897,1897,7.5,Second Cycle,D1,D1-3,P-03
C-898,1898,7.5,Second Cycle,D5,D5-5,P-42
C-899,1899,7.5,Second Cycle,D1,D1-4,P-01
C-900,1900,7.5,First Cycle,D4,D4-0,P-32
C-901,1901,7.5,First Cycle,D5,D5-1,P-42
C-902,1902,7.5,Second Cycle,D7,D7-5,P-64
C-903,1903,7.5,Second Cycle,D3,D3-5,P-22
C-904,1904,7.5,First Cycle,D2,D2-1,P-12
C-905,1905,7.5,Second Cycle,D8,D8-5,P-73
C-906,1906,7.5,Second Cycle,D4,D4-4,P-31
C-907,1907,7.5,Second Cycle,D7,D7-1,P-62
C-908,1908,7.5,First Cycle,D4,D4-5,P-32
C-909,1909,7.5,Second Cycle,D1,D1-0,P-03
C-910,1910,7.5,Second Cycle,D1,D1-2,P-02
C-911,1911,7.5,First Cycle,D6,D6-1,P-52
C-912,1912,7.5,First Cycle,D4,D4-0,P-31
C-913,1913,7.5,First Cycle,D7,D7-5,P-63
C-914,1914,7.5,First Cycle,D8,D8-1,P-74
C-915,1915,7.5,Second Cycle,D1,D1-0,P-02
C-916,1916,7.5,First Cycle,D5,D5-3,P-42
C-917,1917,7.5,Second Cycle,D8,D8-4,P-73
C-918,1918,7.5,First Cycle,D8,D8-0,P-71
C-919,1919,7.5,Second Cycle,D3,D3-4,P-21
C-920,1920,7.5,Second Cycle,D2,D2-4,P-12
C-921,1921,7.5,First Cycle,D4,D4-2,P-32
C-922,1922,7.5,First Cycle,D5,D5-1,P-42
C-923,1923,7.5,Second Cycle,D7,D7-0,P-63
C-924,1924,7.5,Second Cycle,D1,D1-5,P-01
C-925,1925,7.5,Second Cycle,D7,D7-1,P-62
C-926,1926,7.5,First Cycle,D3,D3-3,P-21
C-927,1927,7.5,Second Cycle,D6,D6-3,P-52
C-928,1928,7.5,Second Cycle,D6,D6-3,P-52
C-929,1929,7.5,Second Cycle,D4,D4-1,P-32
C-930,1930,7.5,First Cycle,D1,D1-0,P-03
C-931,1931,7.5,Second Cycle,D7,D7-0,P-61
C-932,1932,7.5,First Cycle,D4,D4-3,P-33
C-933,1933,7.5,First Cycle,D2,D2-4,P-11
C-934,1934,7.5,Second Cycle,D1,D1-2,P-02
C-935,1935,7.5,Second Cycle,D1,D1-1,P-02
C-936,1936,7.5,Second Cycle,D6,D6-1,P-51
C-937,1937,7.5,Second Cycle,D4,D4-5,P-32
C-938,1938,7.5,First Cycle,D3,D3-1,P-21
C-939,1939,7.5,Second Cycle,D2,D2-5,P-12
C-940,1940,7.5,First Cycle,D6,D6-0,P-51
C-941,1941,7.5,First Cycle,D2,D2-0,P-11
C-942,1942,7.5,First Cycle,D8,D8-1,P-73
C-943,1943,7.5,Second Cycle,D8,D8-5,P-71
C-944,1944,7.5,First Cycle,D2,D2-0,P-12
C-945,1945,7.5,Second Cycle,D1,D1-1,P-01
C-946,1946,7.5,Second Cycle,D3,D3-1,P-21
C-947,1947,7.5,First Cycle,D6,D6-3,P-52
C-948,1948,7.5,First Cycle,D5,D5-0,P-42
C-949,1949,7.5,Second Cycle,D5,D5-0,P-43
C-950,1950,7.5,Second Cycle,D1,D1-0,P-01
C-951,1951,7.5,First Cycle,D6,D6-2,P-51
C-952,1952,7.5,Second Cycle,D5,D5-5,P-43
C-953,1953,7.5,Second Cycle,D4,D4-4,P-33
C-954,1954,7.5,First Cycle,D4,D4-3,P-33
C-955,1955,7.5,First Cycle,D4,D4-5,P-33
C-956,1956,7.5,First Cycle,D3,D3-1,P-22
C-957,1957,7.5,First Cycle,D3,D3-1,P-22
C-958,1958,7.5,Second Cycle,D6,D6-1,P-52
C-959,1959,7.5,First Cycle,D3,D3-5,P-21
C-960,1960,7.5,Second Cycle,D8,D8-5,P-71
C-961,1961,7.5,Second Cycle,D5,D5-0,P-43
C-962,1962,7.5,First Cycle,D4,D4-0,P-32
C-963,1963,7.5,Second Cycle,D6,D6-4,P-52
C-964,1964,7.5,First Cycle,D5,D5-4,P-43
C-965,1965,7.5,First Cycle,D4,D4-3,P-32
C-966,1966,7.5,Second Cycle,D5,D5-2,P-42
C-967,1967,7.5,Second Cycle,D7,D7-2,P-64
C-968,1968,7.5,Second Cycle,D2,D2-1,P-12
C-969,1969,7.5,Second Cycle,D7,D7-0,P-62
C-970,1970,7.5,First Cycle,D2,D2-3,P-11
C-971,1971,7.5,Second Cycle,D7,D7-1,P-64
C-972,1972,7.5,Second Cycle,D4,D4-5,P-32
C-973,1973,7.5,Second Cycle,D3,D3-3,P-21
C-974,1974,7.5,First Cycle,D2,D2-4,P-11
C-975,1975,7.5,First Cycle,D3,D3-3,P-21
C-976,1976,7.5,First Cycle,D2,D2-5,P-12
C-977,1977,7.5,Second Cycle,D7,D7-0,P-61
C-978,1978,7.5,First Cycle,D6,D6-5,P-52
C-979,1979,7.5,First Cycle,D2,D2-1,P-12
C-980,1980,7.5,First Cycle,D2,D2-0,P-11
C-981,1981,7.5,Second Cycle,D2,D2-5,P-11
C-982,1982,7.5,Second Cycle,D4,D4-0,P-32
C-983,1983,7.5,First Cycle,D6,D6-1,P-52
C-984,1984,7.5,First Cycle,D3,D3-3,P-22
C-985,1985,7.5,First Cycle,D3,D3-5,P-22
C-986,1986,7.5,Second Cycle,D2,D2-2,P-11
C-987,1987,7.5,First Cycle,D1,D1-2,P-02
C-988,1988,7.5,First Cycle,D5,D5-0,P-43
C-989,1989,7.5,Second Cycle,D5,D5-3,P-41
C-990,1990,7.5,First Cycle,D1,D1-5,P-01
C-991,1991,7.5,Second Cycle,D5,D5-5,P-43
C-992,1992,7.5,First Cycle,D4,D4-3,P-33
C-993,1993,7.5,Second Cycle,D7,D7-5,P-62
C-994,1994,7.5,Second Cycle,D5,D5-4,P-42
C-995,1995,7.5,Second Cycle,D8,D8-2,P-71
C-996,1996,7.5,Second Cycle,D6,D6-5,P-51
C-997,1997,7.5,First Cycle,D8,D8-3,P-71
C-998,1998,7.5,First Cycle,D6,D6-5,P-51
C-999,1999,7.5,Second Cycle,D7,D7-4,P-64
C-1000,2000,7.5,First Cycle,D3,D3-3,P-21
